{
	"v1.0.0"  : "changelog/v1.0.0.md",
	"v1.2.0"  : "changelog/v1.2.0.md",
	"v1.2.5"  : "changelog/v1.2.5.md",
	"v1.3.0"  : "changelog/v1.3.0.md",
	"v1.3.1"  : "changelog/v1.3.1.md",
	"v1.4.0"  : "changelog/v1.4.0.md",
	"v1.5.0"  : "changelog/v1.5.0.md",
	"v1.6.0"  : "changelog/v1.6.0.md",
	"v1.6.6"  : "changelog/v1.6.6.md",
	"v1.6.13" : "changelog/v1.6.13.md",
	"v1.7.0"  : "changelog/v1.7.0.md",
	"v1.7.6"  : "changelog/v1.7.6.md",
	"v1.8.0"  : "changelog/v1.8.0.md",
	"v1.9.0"  : "changelog/v1.9.0.md",
	"v1.9.5"  : "changelog/v1.9.5.md",
	"v1.9.8"  : "changelog/v1.9.8.md",
	"v1.10.0" : "changelog/v1.10.0.md",
	"v1.11.0" : "changelog/v1.11.0.md",
	"v1.11.5" : "changelog/v1.11.5.md",
	"v2.0.0"  : "changelog/v2.0.0.md",
	"v2.1.0"  : "changelog/v2.1.0.md",
	"v2.1.1"  : "changelog/v2.1.1.md",
	"v2.5.0"  : "changelog/v2.5.0.md",
	"v2.7.0"  : "changelog/v2.7.0.md",
	"v2.7.2"  : "changelog/v2.7.2.md",
	"v2.7.5"  : "changelog/v2.7.5.md",
	"v2.8.0"  : "changelog/v2.8.0.md",
	"v2.8.3"  : "changelog/v2.8.3.md",
	"v2.9.0"  : "changelog/v2.9.0.md",
	"v3.0.0"  : "changelog/v3.0.0.md"
}
