{
	"$schema": "https://raw.githubusercontent.com/martinring/tmlanguage/master/tmlanguage.json",
	"name": "Fusion Programming Language",
	"patterns": [
		{
			"include": "#keywords"
		},
		{
			"include": "#strings"
		},
		{
			"include": "#comments"
		},
		{
			"include": "#numbers"
		},
        {
            "include": "#storage"
        }
	],
	"repository": {
		"keywords": {
			"patterns": [{
				"name": "keyword.control.fusion",
				"match": "\\b(if|elseif|else|while|for|do|return|break|except|Override|override|dynamic|function|new|import|package|namespace|endnamespace|end|cast|try|catch|finally|Throwable|error)\\b"
			}]
		},
		"comments": {
            "patterns": [{
                "name": "comment.block.documentation.fusion",
                "begin": "/\\*",
                "beginCaptures": {
                    "0": {
                        "name": "punctuation.definition.comment.begin.fusion"
                    }
                },
                "end": "\\*/",
                "endCaptures": {
                    "0": {
                        "name": "punctuation.definition.comment.end.fusion"
                    }
                },
                "patterns": [{
                    "include": "#comments"
            	}]
			}]
		},
		"strings": {
			"name": "string.quoted.double.fusion",
			"begin": "\"",
			"end": "\"",
			"patterns": [
				{
					"name": "constant.character.escape.fusion",
					"match": "\\\\."
				}
			]
		},
		"numbers": {
            "patterns": [{
                "name": "constant.numeric.exponential.fusion",
                "match": "([0-9]+(_?))+(\\.)([0-9]+[eE][-+]?[0-9]+)"
            }, {
                "name": "constant.numeric.float.fusion",
                "match": "([0-9]+(_?))+(\\.)([0-9]+)"
            }, {
                "name": "constant.numeric.binary.fusion",
                "match": "(?:0b)(?:(?:[0-1]+)(?:_?))+"
            }, {
                "name": "constant.numeric.octal.fusion",
                "match": "(?:0o)(?:(?:[0-7]+)(?:_?))+"
            }, {
                "name": "constant.numeric.hex.fusion",
                "match": "(?:0x)(?:(?:[0-9a-fA-F]+)(?:_?))+"
            }, {
                "name": "constant.numeric.integer.fusion",
                "match": "(?:(?:[0-9]+)(?:[_]?))+"
            }]
        },
        "storage": {
            "name": "storage.modifier.fusion",
            "match": "\\b(int|float|String|bool|void|true|false|println|print|Scanner|SetOutput|SetInput|Enable|Disable|wait|SerialCom|is|isnot|not|and|or|main|undefined)\\b"
        }
	},
	"scopeName": "source.fusion"
}
