{
  "icons": [
    {"icon": "actionscript", "scopes": ["source.actionscript"]},
    {"icon": "c#", "scopes": ["source.cs"]},
    {"icon": "c", "scopes": ["source.c"]},
    {"icon": "c++", "scopes": ["source.c++", "source.objc++"]},
    {"icon": "dlang", "scopes": ["source.d"]},
    {"icon": "swift", "scopes": ["source.swift"]},
    {"icon": "coffescript", "scopes": ["source.coffee"]},
    {"icon": "css", "scopes": ["source.css"]},
    {"icon": "erlang", "scopes": ["source.erlang"]},
    {"icon": "go", "scopes": ["source.go"]},
    {"icon": "git", "scopes": ["source.git", "source.gitignore", "source.gitconfig", "text.git-blame", "text.git-commit", "text.git-graph"]},
    {"icon": "html", "scopes": ["text.html.basic", "text.html", "text.slim"]},
    {"icon": "haskell", "scopes": ["source.haskell"]},
    {"icon": "haxe", "scopes": ["source.haxe", "source.hxml"]},
    {"icon": "image", "scopes": ["text.xml.svg", "source.svg"]},
    {"icon": "photoshop", "scopes": ["source.photoshop"]},
    {"icon": "illustrator", "scopes": ["source.illustrator"]},
    {"icon": "jade", "scopes": ["source.jade"]},
    {"icon": "java", "scopes": ["source.java"]},
    {"icon": "jsp", "scopes": ["text.html.jsp"]},
    {"icon": "groovy", "scopes": ["source.groovy"]},
    {"icon": "scala", "scopes": ["source.scala"]},
    {"icon": "clojure", "scopes": ["source.clojure"]},
    {"icon": "gradle", "scopes": ["source.gradle"]},
    {"icon": "gruntfile", "scopes": ["source.gruntfile"]},
    {"icon": "gulpfile", "scopes": ["source.gulpfile"]},
    {"icon": "npm", "scopes": ["source.json.npm"]},
    {"icon": "bower", "scopes": ["source.json.bower"]},
    {"icon": "js", "scopes": ["source.js"]},
    {"icon": "lua", "scopes": ["source.lua"]},
    {"icon": "lisp", "scopes": ["source.lisp"]},
    {"icon": "settings", "scopes": ["source.json"]},
    {"icon": "markdown", "scopes": ["text.html.markdown"]},
    {"icon": "textile", "scopes": ["text.html.textile"]},
    {"icon": "mustache", "scopes": ["text.html.mustache", "text.html.hbs", "text.html.hgn"]},
    {"icon": "ocaml", "scopes": ["source.ocaml", "source.camlp4.ocaml", "source.ocamllex", "source.ocamlyacc"]},
    {"icon": "matlab", "scopes": ["source.matlab"]},
    {"icon": "perl", "scopes": ["source.perl"]},
    {"icon": "php", "scopes": ["source.php"]},
    {"icon": "python", "scopes": ["source.python"]},
    {"icon": "puppet", "scopes": ["source.puppet"]},
    {"icon": "procfile", "scopes": ["source.procfile"]},
    {"icon": "rails", "scopes": ["text.html.ruby"]},
    {"icon": "haml", "scopes": ["source.haml", "text.haml"]},
    {"icon": "ruby", "scopes": ["source.ruby"]},
    {"icon": "rust", "scopes": ["source.rust"]},
    {"icon": "less", "scopes": ["source.less", "source.css.less"]},
    {"icon": "postcss", "scopes": ["source.pcss", "source.postcss"]},
    {"icon": "sass", "scopes": ["source.sass", "source.css.sass"]},
    {"icon": "scss", "scopes": ["source.scss", "source.css.scss"]},
    {"icon": "stylus", "scopes": ["source.stylus", "source.styl"]},
    {"icon": "shell", "scopes": ["source.dosbatch", "source.shell"]},
    {"icon": "applescript", "scopes": ["source.applescript", "source.applescript-scpt"]},
    {"icon": "sql", "scopes": ["source.sql"]},
    {"icon": "tcl", "scopes": ["source.tcl", "text.html.tcl"]},
    {"icon": "tex", "scopes": ["text.tex", "text.log.latex", "text.bibtex"]},
    {"icon": "yaml", "scopes": ["source.yaml"]},
    {"icon": "graphviz", "scopes": ["source.dot", "source.gv"]},
    {"icon": "R", "scopes": ["source.r"]},
    {"icon": "font", "scopes": ["font"]},
    {"icon": "license", "scopes": ["license"]}
  ],
  "languages": [
    {"lang": "Font", "scopes": ["font"], "files": ["ttf", "otf", "woff", "eot"]},
    {"lang": "LICENSE", "scopes": ["license"], "files": ["LICENSE"]},
    {"lang": "Gruntfile Coffee", "scopes": ["source.coffee", "source.gruntfile.coffee"], "files": ["gruntfile.coffee"]},
    {"lang": "Gruntfile JS", "scopes": ["source.js", "source.gruntfile.js"], "files": ["gruntfile.js"]},
    {"lang": "Gulpfile Coffee", "scopes": ["source.coffee", "source.gulpfile.coffee"], "files": ["gulpfile.coffee"]},
    {"lang": "Gulpfile JS", "scopes": ["source.js", "source.gulpfile.js"], "files": ["gulpfile.js"]},
    {"lang": "NPM JSON", "scopes": ["source.json", "source.json.npm"], "files": ["package.json", ".npmignore"]},
    {"lang": "Procfile", "scopes": ["source.yaml", "source.procfile"], "files": ["Procfile"]},
    {"lang": "Bower JSON", "scopes": ["source.json", "source.json.bower"], "files": ["bower.json"]},
    {"lang": "Adobe Illustrator", "scopes": ["source.xml", "source.illustrator"], "files": ["ai"]},
    {"lang": "Adobe Photoshop", "scopes": ["source.photoshop"], "files": ["psd"]},
    {"lang": "SVG", "scopes": ["text.xml.svg", "source.svg"], "files": ["svg"]},
    {"lang": "CoffeScript", "scopes": ["source.js", "source.coffee"], "files": ["coffee"]},
    {"lang": "Gradle", "scopes": ["source.groovy", "source.gradle"], "files": ["gradle"]},
    {"lang": "Jade", "scopes": ["source.css", "source.jade"], "files": ["jade"]},
    {"lang": "Ruby Slim", "scopes": ["source.css", "text.slim"], "files": ["slim"]},
    {"lang": "Less", "scopes": ["source.css", "source.less"], "files": ["less"]},
    {"lang": "PostCSS", "scopes": ["source.css", "source.pcss", "source.postcss"], "files": ["pcss", "postcss"]},
    {"lang": "SCSS", "scopes": ["source.css", "source.scss"], "files": ["sass", "sass.erb", "sass.liquid"]},
    {"lang": "Sass", "scopes": ["source.css", "source.sass"], "files": ["scss", "scss.erb", "scss.liquid"]},
    {"lang": "Puppet", "scopes": ["source.css", "source.puppet"], "files": ["pp", "puppet.conf"]},
    {"lang": "Stylus", "scopes": ["source.css", "source.stylus"], "files": ["styl"]},
    {"lang": "Mustache", "scopes": ["text.html.basic", "text.html.mustache"], "files": ["mustache", "hbs"]},
    {"lang": "Rust", "scopes": ["source.c++", "source.rust"], "files": ["rs"]},
    {"lang": "Swift", "scopes": ["source.d", "source.swift"], "files": ["swift"]},
    {"lang": "Graphviz-DOT", "scopes": ["source.dot", "source.gv"], "files": ["gv"]},
    {"lang": "AppleScript", "scopes": ["source.applescript", "source.applescript-scpt"], "files": ["scpt"]},
    {"lang": "Git", "scopes": ["source.git"], "files": ["gitignore", "gitconfig", "gitblame", "gitcommit", "gitgraph", "git-blame", "git-commit", "git-graph"]}
  ]
}
